escenario,producto,total_anual_base_L,total_anual_escenario_L,delta_pct,MC_P5_L,MC_P50_L,MC_P95_L,descripcion
Base,P1,65433628,65433628,0.0,64521871,65598545,66698891,"Pronostico oficial del proyecto, sin ajuste."
Base,P2,81654557,81654557,0.0,80542121,81886041,83244753,"Pronostico oficial del proyecto, sin ajuste."
Base,P3,6939311,6939311,0.0,6639228,6860753,7089166,"Pronostico oficial del proyecto, sin ajuste."
Mundial 2026,P1,65433628,66434110,1.53,65500199,66615206,67717800,"Upside NO incluido en el escenario base (ver S6, reporte v3): KOF definio un plan comercial explicito para el Mundial FIFA (11-jun al 19-jul-2026) [12],[13],[20]. Se modela un incremento en jun (idx2) y jul (idx3) para las gaseosas; el garrafon casi no participa de este efecto (r=0,12 con refrescos, Sec. VI del reporte)."
Mundial 2026,P2,81654557,82903057,1.53,81762421,83115002,84458055,"Upside NO incluido en el escenario base (ver S6, reporte v3): KOF definio un plan comercial explicito para el Mundial FIFA (11-jun al 19-jul-2026) [12],[13],[20]. Se modela un incremento en jun (idx2) y jul (idx3) para las gaseosas; el garrafon casi no participa de este efecto (r=0,12 con refrescos, Sec. VI del reporte)."
Mundial 2026,P3,6939311,6957561,0.26,6648291,6881767,7113283,"Upside NO incluido en el escenario base (ver S6, reporte v3): KOF definio un plan comercial explicito para el Mundial FIFA (11-jun al 19-jul-2026) [12],[13],[20]. Se modela un incremento en jun (idx2) y jul (idx3) para las gaseosas; el garrafon casi no participa de este efecto (r=0,12 con refrescos, Sec. VI del reporte)."
Paro nacional / choque logistico,P1,65433628,64682707,-1.15,63781780,64868504,65934881,"Disrupcion de transporte de ~2 semanas (paro camionero o de orden publico, recurrentes en Colombia) que impide despachar en un mes cualquiera del horizonte. Se ilustra en agosto (idx4): -18% en las tres lineas por perdida de dias habiles de despacho; octubre (idx6) recupera parcialmente (+4%) por recuperacion de pedidos representados."
Paro nacional / choque logistico,P2,81654557,80717483,-1.15,79617849,80950647,82271168,"Disrupcion de transporte de ~2 semanas (paro camionero o de orden publico, recurrentes en Colombia) que impide despachar en un mes cualquiera del horizonte. Se ilustra en agosto (idx4): -18% en las tres lineas por perdida de dias habiles de despacho; octubre (idx6) recupera parcialmente (+4%) por recuperacion de pedidos representados."
Paro nacional / choque logistico,P3,6939311,6854630,-1.22,6549860,6779913,7009742,"Disrupcion de transporte de ~2 semanas (paro camionero o de orden publico, recurrentes en Colombia) que impide despachar en un mes cualquiera del horizonte. Se ilustra en agosto (idx4): -18% en las tres lineas por perdida de dias habiles de despacho; octubre (idx6) recupera parcialmente (+4%) por recuperacion de pedidos representados."
Recesion moderada,P1,65433628,62676602,-4.21,61821688,62853867,63886136,"Desaceleracion economica sostenida (caida de ingreso disponible): elasticidad-ingreso positiva de bebidas no esenciales. Se aplica -5% sostenido en gaseosas desde jun (idx2) en adelante; el garrafon (bien mas inelastico, consumo basico de agua) se reduce solo -2%."
Recesion moderada,P2,81654557,78214068,-4.21,77183067,78444952,79731279,"Desaceleracion economica sostenida (caida de ingreso disponible): elasticidad-ingreso positiva de bebidas no esenciales. Se aplica -5% sostenido en gaseosas desde jun (idx2) en adelante; el garrafon (bien mas inelastico, consumo basico de agua) se reduce solo -2%."
Recesion moderada,P3,6939311,6822319,-1.69,6514778,6748291,6974647,"Desaceleracion economica sostenida (caida de ingreso disponible): elasticidad-ingreso positiva de bebidas no esenciales. Se aplica -5% sostenido en gaseosas desde jun (idx2) en adelante; el garrafon (bien mas inelastico, consumo basico de agua) se reduce solo -2%."
Restriccion hidrica adicional (CAR),P1,65433628,65433628,0.0,64509695,65618318,66696301,"Endurecimiento de la Resolucion CAR 347/2026 sobre concesion de aguas en La Calera [Ref 12, reporte]: reduccion adicional de suministro que golpea especificamente al garrafon. -15% sostenido en P3 desde el mes de vigencia estimado (jul, idx3); P1/P2 no afectados (abastecimiento de acueducto, no de manantial)."
Restriccion hidrica adicional (CAR),P2,81654557,81654557,0.0,80544947,81886578,83255728,"Endurecimiento de la Resolucion CAR 347/2026 sobre concesion de aguas en La Calera [Ref 12, reporte]: reduccion adicional de suministro que golpea especificamente al garrafon. -15% sostenido en P3 desde el mes de vigencia estimado (jul, idx3); P1/P2 no afectados (abastecimiento de acueducto, no de manantial)."
Restriccion hidrica adicional (CAR),P3,6939311,6147332,-11.41,5874234,6079642,6290097,"Endurecimiento de la Resolucion CAR 347/2026 sobre concesion de aguas en La Calera [Ref 12, reporte]: reduccion adicional de suministro que golpea especificamente al garrafon. -15% sostenido en P3 desde el mes de vigencia estimado (jul, idx3); P1/P2 no afectados (abastecimiento de acueducto, no de manantial)."
Repunte agresivo post-impuesto,P1,65433628,68705310,5.0,67752877,68904201,70023340,"Escenario optimista alterno: la recuperacion de refrescos tras el impuesto saludable (Sec. V.C, +9,2% interanual real en 1T-2026 [21]) se sostiene mas alla de lo asumido en el modelo base (que ya es conservador, phi<1). +5% sostenido en gaseosas todo el horizonte."
Repunte agresivo post-impuesto,P2,81654557,85737285,5.0,84556383,85976598,87397461,"Escenario optimista alterno: la recuperacion de refrescos tras el impuesto saludable (Sec. V.C, +9,2% interanual real en 1T-2026 [21]) se sostiene mas alla de lo asumido en el modelo base (que ya es conservador, phi<1). +5% sostenido en gaseosas todo el horizonte."
Repunte agresivo post-impuesto,P3,6939311,6939311,0.0,6629283,6864049,7094745,"Escenario optimista alterno: la recuperacion de refrescos tras el impuesto saludable (Sec. V.C, +9,2% interanual real en 1T-2026 [21]) se sostiene mas alla de lo asumido en el modelo base (que ya es conservador, phi<1). +5% sostenido en gaseosas todo el horizonte."
